"","binomial","ave_temp2","ave_precip2","species","SPID"
"1","Aglais_milberti",5.59269252845219,570.340364728655,"Aglais milberti",1
"2","Agriades_glandon",-9.51616531610489,316.888339996338,"Agriades glandon",2
"3","Amblysciertes_vialis",6.99339950084686,648.588012695312,"Amblyscirtes vialis",3
"4","Ancyloxypha_numitor",7.62602472305298,926.522338867188,"Ancyloxypha numitor",4
"5","Argynnis_atlantis",3.97863751649857,634.673263549805,"Argynnis atlantis",5
"6","Argynnis_cybele",8.0540366768837,1052.99215698242,"Argynnis cybele",6
"7","Argynnis_mormonia",4.80065678358078,511.942242431641,"Argynnis mormonia",7
"8","Boloria_alaskensis",-3.85729642709096,390.431477864583,"Boloria alaskensis",8
"9","Boloria_bellona",4.08355930447578,572.824768066406,"Boloria bellona",9
"10","Boloria_chariclea",1.13412670294444,547.229166666667,"Boloria chariclea",10
"11","Boloria_eunomia",0.219343066215515,489.468566894531,"Boloria eunomia",11
"12","Boloria_freija",0.856335503714425,583.541469029018,"Boloria freija",12
"13","Boloria_frigga",-3.48474029302597,476.898474121094,"Boloria frigga",13
"14","Boloria_polaris",-7.09630632400513,353.685684204102,"Boloria polaris",14
"15","Boloria_selene",3.21813060343266,683.093841552734,"Boloria selene",15
"16","Callophrys_augustinus",11.8688023252921,616.364114934748,"Callophrys augustinus",16
"17","Callophrys_eryphon",3.69945514202118,724.829334259033,"Callophrys eryphon",17
"18","Callophrys_niphon",6.76138210296631,916.357147216797,"Callophrys niphon",18
"19","Carterocephalus_palaemon",2.15076570212841,710.017974853516,"Carterocephalus palaemon",19
"20","Cercyonis_pegala",12.6293455123901,544.181182861328,"Cercyonis pegala",20
"21","Chlosyne_harrisii",6.77170530954997,962.534932454427,"Chlosyne harrisii",21
"22","Coenonympha_tullia",2.1908862243096,636.583485921224,"Coenonympha tullia",22
"23","Colias_eurytheme",11.4040636817614,874.442291259766,"Colias eurytheme",23
"24","Colias_hecla",-11.9590498606364,241.659606933594,"Colias hecla",24
"25","Colias_interior",5.13219523429871,828.330909142127,"Colias interior",25
"26","Colias_palaeno",-6.58791716893514,367.182210286458,"Colias palaeno",26
"27","Colias_philodice",9.35587990283966,949.135274251302,"Colias philodice",27
"28","Colias_tyche",-10.0853691101074,237.263740539551,"Colias tyche",28
"29","Cupido_amyntula",4.02732017040253,514.5228515625,"Cupido amyntula",29
"30","Cupido_comyntas",11.4310511052608,820.330989837646,"Cupido comyntas",30
"31","Epargyreus_clarus",9.93860232830048,700.169057210286,"Epargyreus clarus",31
"32","Erebia_disa",-10.3723138173421,195.578501383464,"Erebia disa",32
"33","Erebia_discoidalis",-2.72823023796082,437.86457824707,"Erebia discoidalis",33
"34","Erebia_epipsodea",1.26992900669575,476.481414794922,"Erebia epipsodea",34
"35","Erebia_rossii",-8.67561223415228,372.617713341346,"Erebia rossii",35
"36","Erynnis_icelus",9.1752598796572,877.323024204799,"Erynnis icelus",36
"37","Erynnis_persius",3.38042641431093,691.85730319553,"Erynnis persius",37
"38","Euchloe_ausonides",2.78837556689978,523.302099609375,"Euchloe ausonides",38
"39","Euphydryas_anicia",2.84468243803297,478.920270647321,"Euphydryas anicia",39
"40","Euphyes_vestris",10.034137357365,694.880351673473,"Euphyes vestris",40
"41","Glaucopsyche_lygdamus",7.85844975939164,965.832489013672,"Glaucopsyche lygdamus",41
"42","Hesperia_comma",2.47064684828122,871.41975402832,"Hesperia comma",42
"43","Icaricia_icarioides",6.62642135885027,616.043714735243,"Icaricia icarioides",43
"44","Icaricia_saepiolus",6.88265301883221,951.812112426758,"Icaricia saepiolus",44
"45","Lethe_anthedon",5.65920847654343,794.032661437988,"Lethe anthedon",45
"46","Lethe_eurydice",5.01398746669292,610.96263885498,"Lethe eurydice",46
"47","Limenitis_archippus",10.6460824410121,705.301676432292,"Limenitis archippus",47
"48","Limenitis_arthemis",6.80627802610397,718.021765136719,"Limenitis arthemis",48
"49","Limenitis_lorquini",5.56624836921692,792.71865234375,"Limenitis lorquini",49
"50","Lycaena_dorcas",2.88953298330307,816.369327545166,"Lycaena dorcas",50
"51","Lycaena_phlaeas",3.86873121261597,553.886861165365,"Lycaena phlaeas",51
"52","Megisto_cymela",5.50157346044268,786.976226806641,"Megisto cymela",52
"53","Nymphalis_antiopa",3.43269203816141,620.582892281668,"Nymphalis antiopa",53
"54","Nymphalis_californica",6.92511481046677,985.034980773926,"Nymphalis californica",54
"55","Nymphalis_I_album",4.47615766525269,854.555328369141,"Nymphalis l-album",55
"56","Ochlodes_sylvanoides",4.66770124435425,888.185892740885,"Ochlodes sylvanoides",56
"57","Oeneis_bore",-2.78802540898323,520.825012207031,"Oeneis bore",57
"58","Oeneis_jutta",0.930065250396728,570.745056152344,"Oeneis jutta",58
"59","Oeneis_melissa",0.8261505762736,746.97353108724,"Oeneis melissa",59
"60","Oeneis_polixenes",0.135696487767356,562.322906494141,"Oeneis polixenes",60
"61","Papilio_machaon",5.50733200709025,442.919596354167,"Papilio machaon",61
"62","Papilio_polyxenes",9.59972720675998,739.252449883355,"Papilio polyxenes",62
"63","Papilio_zelicaon",5.55282480186886,598.477149115668,"Papilio zelicaon",63
"64","Phyciodes_cocyta",7.02167244255543,874.050834655762,"Phyciodes cocyta",64
"65","Phyciodes_pulchella",2.34603083133698,559.927932739258,"Phyciodes pulchella",65
"66","Phyciodes_tharos",14.6966480612755,625.463230133057,"Phyciodes tharos",66
"67","Pieris_oleracea",4.12201049178839,944.253242492676,"Pieris oleracea",67
"68","Pieris_rapae",9.02426692843437,1030.78472900391,"Pieris rapae",68
"69","Plebejus_idas",1.44692617158095,638.932879130046,"Plebejus idas",69
"70","Plebejus_melissa",6.7934688727061,742.814225938585,"Plebejus melissa",70
"71","Poanes_hobomok",7.20088623091578,632.579875946045,"Poanes hobomok",71
"72","Polites_mystic",7.03977364301682,614.595245361328,"Polites mystic",72
"73","Polites_themistocles",7.81977449144636,836.971762520926,"Polites themistocles",73
"74","Polygonia_comma",11.3477358818054,1116.03452555339,"Polygonia comma",74
"75","Polygonia_faunus",2.72577541470528,498.015264892578,"Polygonia faunus",75
"76","Polygonia_gracilis",1.85644602775574,627.360054016113,"Polygonia gracilis",76
"77","Polygonia_interrogationis",10.4234036207199,731.669184366862,"Polygonia interrogationis",77
"78","Polygonia_progne",4.54377153515816,735.076354980469,"Polygonia progne",78
"79","Polygonia_satyrus",7.09618515968323,579.942486572266,"Polygonia satyrus",79
"80","Pontia_occidentalis",2.8239137172699,475.739086914063,"Pontia occidentalis",80
"81","Pterourus_canadensis",3.44885963201523,922.701217651367,"Pterourus canadensis",81
"82","Pterourus_eurymedon",4.79863505363464,804.125085449219,"Pterourus eurymedon",82
"83","Pterourus_rutulus",6.56922292709351,876.634872436523,"Pterourus rutulus",83
"84","Thorybes_pylades",12.8209882259369,725.45934753418,"Thorybes pylades",84
"85","Thymelicus_lineola",4.33375828606742,828.563321794782,"Thymelicus lineola",85
"86","Vanessa_atalanta",7.30916018486023,1028.19595947266,"Vanessa atalanta",86
"87","Vanessa_cardui",9.8085928161939,1059.83114624023,"Vanessa cardui",87
"88","Vanessa_virginiensis",7.22800288030079,806.229252406529,"Vanessa virginiensis",88
